"rgn_id","trend"
1,0.0772183468722616
5,0.0772183468722616
4,0.0772183468722616
2,0.0772183468722616
3,0.0772183468722616
