"rgn_id","trend"
1,0.00229356723971744
5,0.00229356723971744
4,0.00229356723971744
2,0.00229356723971744
3,0.00229356723971744
