"rgn_id","pressure_score"
1,0.0243884852059418
5,0.0243884852059418
4,0.0243884852059418
2,0.0243884852059418
3,0.0243884852059418
