"cntry_key","year","percent"
"ECU",1997,9.1674434
"ECU",2004,8.55244079000001
"ECU",2005,7.73674835
"ECU",2006,7.69212801
"ECU",2007,6.06554676
"ECU",2008,7.30922765
"ECU",2009,6.47131026
"ECU",1998,10.3424357161
"ECU",2010,7.14046649869999
