"rgn_id","resilience.score"
1,0.768636690874
5,0.768636690874
4,0.768636690874
2,0.768636690874
3,0.768636690874
