"rgn_id","pressure_score"
1,0.00194659
5,0.00194659
4,0.00194659
2,0.00194659
3,0.00194659
