"rgn_id","pressure_score"
1,0.606364341429434
5,0.606364341429434
4,0.606364341429434
2,0.606364341429434
3,0.606364341429434
