"rgn_id","area_km2"
1,1071074.52811
5,1071074.52811
4,1071074.52811
2,1071074.52811
3,1071074.52811
