"rgn_id","area_km2"
1,2281.80426613893
5,2281.80426613893
4,2281.80426613893
2,2281.80426613893
3,2281.80426613893
