"rgn_id","area_km2"
1,13765.0519124179
5,13765.0519124179
4,13765.0519124179
2,13765.0519124179
3,13765.0519124179
