"rgn_id","pressures.score"
1,0.99999226
5,0.99999226
4,0.99999226
2,0.99999226
3,0.99999226
