"rgn_id","score"
1,0.643282830586977
5,0.643282830586977
4,0.643282830586977
2,0.643282830586977
3,0.643282830586977
